Label,Description,Expression,DRIVEALONE,SHARED2,SHARED3,WALK,BIKE,WALK_BUS,WALK_TRM,WALK_MR,WALK_WTR,PNR_BUS,PNR_TRM,PNR_MR,PNR_WTR,KNR_BUS,KNR_TRM,KNR_MR,KNR_WTR,SCHOOLBUS,TAXI,TNC_SINGLE,TNC_SHARED
#Drive_alone_no_toll,#Drive alone no toll,,,,,,,,,,,,,,,,,,,,,,
Drive_alone_not_available_for_escort_tours,Drive alone not available for escort tours,is_escort,-999,,,,,,,,,,,,,,,,,,,,
util_DRIVEALONE_Unavailable,DRIVEALONE - Unavailable,sov_available == False,-999,,,,,,,,,,,,,,,,,,,,
util_DRIVEALONE_Unavailable_for_persons_less_than_16,DRIVEALONE - Unavailable for persons less than 16,age < 16,-999,,,,,,,,,,,,,,,,,,,,
util_DRIVEALONE_Unavailable_forJoint_tours,DRIVEALONE - Unavailable for joint tours,is_joint == True,-999,,,,,,,,,,,,,,,,,,,,
util_DRIVEALONE_Unavailable_if_didn't_drive_to_work,DRIVEALONE - Unavailable if didn't drive to work,is_atwork_subtour & ~work_tour_is_SOV,-999,,,,,,,,,,,,,,,,,,,,
util_DRIVEALONE_In_vehicle_time,DRIVEALONE - In-vehicle time,@odt_skims['SOV_TIME'] + dot_skims['SOV_TIME'],coef_ivt,,,,,,,,,,,,,,,,,,,,
util_DRIVEALONE_Terminal_time,DRIVEALONE - Terminal time,@2 * df.terminal_time,coef_walk,,,,,,,,,,,,,,,,,,,,
util_DRIVEALONE_Operating_cost_,DRIVEALONE - Operating cost ,@df.sov_auto_op_cost * (odt_skims['SOV_DIST'] + dot_skims['SOV_DIST']),coef_cost,,,,,,,,,,,,,,,,,,,,
util_DRIVEALONE_Parking_cost_,DRIVEALONE - Parking cost ,@df.daily_parking_cost * 1.22,coef_cost,,,,,,,,,,,,,,,,,,,,
util_DRIVEALONE_Total_toll_,DRIVEALONE - Total toll ,@(odt_skims['SOV_TOLL'] + dot_skims['SOV_TOLL'])*1.22,coef_cost,,,,,,,,,,,,,,,,,,,,
util_DRIVEALONE_Person_is_between_16_and_19_years_old,DRIVEALONE - Person is between 16 and 19 years old,@(df.age >= 16) & (df.age <= 19),coef_age1619_da,,,,,,,,,,,,,,,,,,,,
#Shared_ride_2,#Shared ride 2,,,,,,,,,,,,,,,,,,,,,,
util_SHARED2_Unavailable,SHARED2 - Unavailable,hov2_available == False,,-999,,,,,,,,,,,,,,,,,,,
util_SHARED2_Unavailable_based_on_party_size,SHARED2 - Unavailable based on party size,is_joint & (number_of_participants > 2),,-999,,,,,,,,,,,,,,,,,,,
util_SHARED2_In_vehicle_time,SHARED2 - In-vehicle time,@(odt_skims['HOV2_TIME'] + dot_skims['HOV2_TIME']),,coef_ivt,,,,,,,,,,,,,,,,,,,
util_SHARED2_Terminal_time,SHARED2 - Terminal time,@2 * df.terminal_time,,coef_walk,,,,,,,,,,,,,,,,,,,
util_SHARED2_Operating_cost,SHARED2 - Operating cost,@df.sr2_auto_op_cost * (odt_skims['HOV2_DIST'] + dot_skims['HOV2_DIST']),,coef_cost,,,,,,,,,,,,,,,,,,,
util_SHARED2_Parking_cost,SHARED2 - Parking cost,@df.daily_parking_cost / costShareSr2 * 1.22,,coef_cost,,,,,,,,,,,,,,,,,,,
util_SHARED2_Total_toll,SHARED2 - Total toll,@((odt_skims['HOV2_TOLL'] + dot_skims['HOV2_TOLL']) / costShareSr2) * 1.22,,coef_cost,,,,,,,,,,,,,,,,,,,
util_SHARED2_One_person_household,SHARED2 - One person household,@(df.hhsize == 1),,coef_hhsize1_sr,,,,,,,,,,,,,,,,,,,
util_SHARED2_Two_person_household,SHARED2 - Two person household,@(df.hhsize == 2),,coef_hhsize2_sr,,,,,,,,,,,,,,,,,,,
util_SHARED2_Person_is_16_years_old_or_older,SHARED2 - Person is 16 years old or older,@(df.age >= 16),,coef_age16p_sr,,,,,,,,,,,,,,,,,,,
#Shared_ride_3+,#Shared ride 3+,,,,,,,,,,,,,,,,,,,,,,
util_SHARED3_Unavailable,SHARED3 - Unavailable,hov3_available == False,,,-999,,,,,,,,,,,,,,,,,,
util_SHARED3_In_vehicle_time,SHARED3 - In-vehicle time,@(odt_skims['HOV3_TIME'] + dot_skims['HOV3_TIME']),,,coef_ivt,,,,,,,,,,,,,,,,,,
util_SHARED3_Terminal_time,SHARED3 - Terminal time,@2 * df.terminal_time,,,coef_walk,,,,,,,,,,,,,,,,,,
util_SHARED3_Operating_cost,SHARED3 - Operating cost,@df.sr3p_auto_op_cost * (odt_skims['HOV3_DIST'] + dot_skims['HOV3_DIST']),,,coef_cost,,,,,,,,,,,,,,,,,,
util_SHARED3_Parking_cost,SHARED3 - Parking cost,@df.daily_parking_cost / costShareSr3 * 1.22,,,coef_cost,,,,,,,,,,,,,,,,,,
util_SHARED3_Total_toll,SHARED3 - Total toll,@((odt_skims['HOV3_TOLL'] + dot_skims['HOV3_TOLL']) / costShareSr3) * 1.22,,,coef_cost,,,,,,,,,,,,,,,,,,
util_SHARED3_One_person_household,SHARED3 - One person household,@(df.hhsize == 1),,,coef_hhsize1_sr,,,,,,,,,,,,,,,,,,
util_SHARED3_Two_person_household,SHARED3 - Two person household,@(df.hhsize == 2),,,coef_hhsize2_sr,,,,,,,,,,,,,,,,,,
util_SHARED3_Person_is_16_years_old_or_older,SHARED3 - Person is 16 years old or older,@(df.age >= 16),,,coef_age16p_sr,,,,,,,,,,,,,,,,,,
#util_WALK,#Walk,,,,,,,,,,,,,,,,,,,,,,
util_WALK_not_available_for_long_distances,Walk not available for long distances,@od_skims.max('DISTWALK') > 3,,,,-999,,,,,,,,,,,,,,,,,
util_WALK_Time,WALK - Time,@(od_skims['DISTWALK'] + od_skims.reverse('DISTWALK'))*60/walkSpeed,,,,coef_walk,,,,,,,,,,,,,,,,,
util_WALK_Destination_zone_densityIndex,WALK - Destination zone densityIndex,@df.density_index,,,,coef_density_walk,,,,,,,,,,,,,,,,,
util_WALK_Topology,WALK - Topology,@df.dest_topology,,,,coef_topology_walk,,,,,,,,,,,,,,,,,
#util_BIKE,#Bike,,,,,,,,,,,,,,,,,,,,,,
util_BIKE_not_available_for_long_distances,Bike not available for long distances,@od_skims.max('DISTBIKE') > 8,,,,,-999,,,,,,,,,,,,,,,,
util_BIKE_Unavailable_if_didn't_BIKE_to_work,BIKE - Unavailable if didn't bike to work,is_atwork_subtour & ~work_tour_is_bike,,,,,-999,,,,,,,,,,,,,,,,
util_BIKE_Time,BIKE - Time,@(od_skims['DISTBIKE'] + od_skims.reverse('DISTBIKE'))*60/bikeSpeed,,,,,coef_bike,,,,,,,,,,,,,,,,
util_BIKE_Destination_zone_densityIndex,BIKE - Destination zone densityIndex,@df.density_index,,,,,coef_density_bike,,,,,,,,,,,,,,,,
util_BIKE_Topology,BIKE - Topology,@df.dest_topology,,,,,coef_topology_bike,,,,,,,,,,,,,,,,
#util_WALK_to_BUS,#Walk to AB,,,,,,,,,,,,,,,,,,,,,,
util_WALK_BUS_Unavailable,WALK_BUS - Unavailable,walk_ab_available == False,,,,,,-999,,,,,,,,,,,,,,,
util_WALK_BUS_In_vehicle_time,WALK_BUS - In-vehicle time,@(odt_skims['WK_BUS_WK_TOTIVT'] + dot_skims['WK_BUS_WK_TOTIVT']),,,,,,coef_ivt,,,,,,,,,,,,,,,
util_WALK_BUS_In_vehicle_time_on_XB,WALK_BUS - In-vehicle time on XB,@(ivt_XB_multiplier - 1) * (odt_skims['WK_BUS_WK_IVTXB'] + dot_skims['WK_BUS_WK_IVTXB']),,,,,,coef_ivt,,,,,,,,,,,,,,,
util_WALK_BUS_iwait_time,WALK_BUS - wait time,@(odt_skims['WK_BUS_WK_IWAIT'] + dot_skims['WK_BUS_WK_IWAIT']),,,,,,coef_iwait,,,,,,,,,,,,,,,
util_WALK_BUS_transfer_wait_time,WALK_BUS - transfer wait time,@(odt_skims['WK_BUS_WK_XWAIT'] + dot_skims['WK_BUS_WK_XWAIT']),,,,,,coef_xwait,,,,,,,,,,,,,,,
util_WALK_BUS_number_of_transfers,WALK_BUS - number of transfers,@((odt_skims['WK_BUS_WK_XFERS']).clip(0) + (dot_skims['WK_BUS_WK_XFERS']).clip(0)),,,,,,coef_xfers_wlktrn,,,,,,,,,,,,,,,
util_WALK_BUS_Walk_time,WALK_BUS - Walk time,@(odt_skims['WK_BUS_WK_WACC_EGR'] + dot_skims['WK_BUS_WK_WACC_EGR']),,,,,,coef_wlk_acc,,,,,,,,,,,,,,,
util_WALK_BUS_Walk_other_time,WALK_BUS - Walk other time,@(odt_skims['WK_BUS_WK_WAUX'] + dot_skims['WK_BUS_WK_WAUX']),,,,,,coef_wlk_aux,,,,,,,,,,,,,,,
util_WALK_BUS_Fare,WALK_BUS - Fare,@(odt_skims['WK_BUS_WK_FARE'] + dot_skims['WK_BUS_WK_FARE']) * 1.22 * (1 - df.trn_fare_subs_pct),,,,,,coef_cost,,,,,,,,,,,,,,,
util_WALK_BUS_Destination_zone_densityIndex,WALK_BUS - Destination zone densityIndex,@df.dest_density_index,,,,,,coef_density_wlktrn,,,,,,,,,,,,,,,
util_WALK_BUS_Topology,WALK_BUS - Topology,@df.dest_topology,,,,,,coef_topology_wlktrn,,,,,,,,,,,,,,,
util_WALK_BUS_Person_is_less_than_10_years_old,WALK_BUS - Person is less than 10 years old,@(df.age <= 10),,,,,,coef_age010_wlktrn,,,,,,,,,,,,,,,
#util_WALK_to_TRM,#Walk to BM,,,,,,,,,,,,,,,,,,,,,,
util_WALK_TRM_Unavailable,WALK_TRM - Unavailable,walk_bm_available == False,,,,,,,-999,,,,,,,,,,,,,,
util_WALK_TRM_In_vehicle_time,WALK_TRM - In-vehicle time,@(odt_skims['WK_TRM_WK_TOTIVT'] + dot_skims['WK_TRM_WK_TOTIVT']),,,,,,,coef_ivt,,,,,,,,,,,,,,
# util_WALK_TRM_In_vehicle_time_on_LB,WALK_TRM - In-vehicle time on LB,@(ivt_LB_multiplier - 1) * (odt_skims['WK_TRM_WK_IVTLB'] + dot_skims['WK_TRM_WK_IVTLB']),,,,,,,coef_ivt,,,,,,,,,,,,,,
# util_WALK_TRM_In_vehicle_time_on_XB,WALK_TRM - In-vehicle time on XB,@(ivt_XB_multiplier - 1) * (odt_skims['WK_TRM_WK_IVTXB'] + dot_skims['WK_TRM_WK_IVTXB']),,,,,,,coef_ivt,,,,,,,,,,,,,,
# util_WALK_TRM_In_vehicle_time_on_MR,WALK_TRM - In-vehicle time on MR,@(ivt_MR_multiplier - 1) * (odt_skims['WK_TRM_WK_IVTMR'] + dot_skims['WK_TRM_WK_IVTMR']),,,,,,,coef_ivt,,,,,,,,,,,,,,
# util_WALK_TRM_In_vehicle_time_on_LR,WALK_TRM - In-vehicle time on LR,@(ivt_LR_multiplier - 1) * (odt_skims['WK_TRM_WK_IVTLR'] + dot_skims['WK_TRM_WK_IVTLR']),,,,,,,coef_ivt,,,,,,,,,,,,,,
util_WALK_TRM_iwait_time,WALK_TRM - Short iwait time,@(odt_skims['WK_TRM_WK_IWAIT'] + dot_skims['WK_TRM_WK_IWAIT']),,,,,,,coef_iwait,,,,,,,,,,,,,,
util_WALK_TRM_transfer_wait_time,WALK_TRM - transfer wait time,@(odt_skims['WK_TRM_WK_XWAIT'] + dot_skims['WK_TRM_WK_XWAIT']),,,,,,,coef_xwait,,,,,,,,,,,,,,
util_WALK_TRM_number_of_transfers,WALK_TRM - number of transfers,@((odt_skims['WK_TRM_WK_XFERS']).clip(0) + (dot_skims['WK_TRM_WK_XFERS']).clip(0)),,,,,,,coef_xfers_wlktrn,,,,,,,,,,,,,,
util_WALK_TRM_Walk_time,WALK_TRM - Walk  time,@(odt_skims['WK_TRM_WK_WACC_EGR'] + dot_skims['WK_TRM_WK_WACC_EGR']),,,,,,,coef_wlk_acc,,,,,,,,,,,,,,
util_WALK_TRM_Walk_other_time,WALK_TRM - Walk other time,@(odt_skims['WK_TRM_WK_WAUX'] + dot_skims['WK_TRM_WK_WAUX']),,,,,,,coef_wlk_aux,,,,,,,,,,,,,,
util_WALK_TRM_Fare,WALK_TRM - Fare,@(odt_skims['WK_TRM_WK_FARE'] + dot_skims['WK_TRM_WK_FARE']) * 1.22 * (1 - df.trn_fare_subs_pct),,,,,,,coef_cost,,,,,,,,,,,,,,
util_WALK_TRM_Destination_zone_densityIndex,WALK_TRM - Destination zone densityIndex,@df.dest_density_index,,,,,,,coef_density_wlktrn,,,,,,,,,,,,,,
util_WALK_TRM_Topology,WALK_TRM - Topology,@df.dest_topology,,,,,,,coef_topology_wlktrn,,,,,,,,,,,,,,
util_WALK_TRM_Person_is_less_than_10_years_old,WALK_TRM - Person is less than 10 years old,@(df.age <= 10),,,,,,,coef_age010_wlktrn,,,,,,,,,,,,,,
#util_WALK_to_MR,#Walk to MR,,,,,,,,,,,,,,,,,,,,,,
util_WALK_MR_Unavailable,WALK_MR - Unavailable,walk_mr_available == False,,,,,,,,-999,,,,,,,,,,,,,
util_WALK_MR_In_vehicle_time,WALK_MR - In-vehicle time,@(odt_skims['WK_MR_WK_TOTIVT'] + dot_skims['WK_MR_WK_TOTIVT']),,,,,,,,coef_ivt,,,,,,,,,,,,,
util_WALK_MR_In_vehicle_time_on_MR,WALK_MR - In-vehicle time on MR,@(ivt_MR_multiplier - 1) * (odt_skims['WK_MR_WK_IVTMR'] + dot_skims['WK_MR_WK_IVTMR']),,,,,,,,coef_ivt,,,,,,,,,,,,,
util_WALK_MR_In_vehicle_time_on_LR,WALK_MR - In-vehicle time on LR,@(ivt_LR_multiplier - 1) * (odt_skims['WK_MR_WK_IVTLR'] + dot_skims['WK_MR_WK_IVTLR']),,,,,,,,coef_ivt,,,,,,,,,,,,,
util_WALK_MR_iwait_time,WALK_MR - iwait time,@(odt_skims['WK_MR_WK_IWAIT'] + dot_skims['WK_MR_WK_IWAIT']),,,,,,,,coef_iwait,,,,,,,,,,,,,
util_WALK_MR_transfer_wait_time,WALK_MR - transfer wait time,@(odt_skims['WK_MR_WK_XWAIT'] + dot_skims['WK_MR_WK_XWAIT']),,,,,,,,coef_xwait,,,,,,,,,,,,,
util_WALK_MR_number_of_transfers,WALK_MR - number of transfers,@((odt_skims['WK_MR_WK_XFERS']).clip(0) + (dot_skims['WK_MR_WK_XFERS']).clip(0)),,,,,,,,coef_xfers_wlktrn,,,,,,,,,,,,,
util_WALK_MR_Walk_time,WALK_MR - Walk access time,@(odt_skims['WK_MR_WK_WACC_EGR'] + dot_skims['WK_MR_WK_WACC_EGR']),,,,,,,,coef_wlk_acc,,,,,,,,,,,,,
util_WALK_MR_Walk_other_time,WALK_MR - Walk other time,@(odt_skims['WK_MR_WK_WAUX'] + dot_skims['WK_MR_WK_WAUX']),,,,,,,,coef_wlk_aux,,,,,,,,,,,,,
util_WALK_MR_Fare,WALK_MR - Fare,@(odt_skims['WK_MR_WK_FARE'] + dot_skims['WK_MR_WK_FARE']) * 1.22 * (1 - df.trn_fare_subs_pct),,,,,,,,coef_cost,,,,,,,,,,,,,
util_WALK_MR_Destination_zone_densityIndex,WALK_MR - Destination zone densityIndex,@df.dest_density_index,,,,,,,,coef_density_wlktrn,,,,,,,,,,,,,
util_WALK_MR_Topology,WALK_MR - Topology,@df.dest_topology,,,,,,,,coef_topology_wlktrn,,,,,,,,,,,,,
util_WALK_MR_Person_is_less_than_10_years_old,WALK_MR - Person is less than 10 years old,@(df.age <= 10),,,,,,,,coef_age010_wlktrn,,,,,,,,,,,,,
#util_WALK_to_WTR,#Walk to CR,,,,,,,,,,,,,,,,,,,,,,
util_WALK_WTR_Unavailable,WALK_WTR - Unavailable,walk_cr_available == False,,,,,,,,,-999,,,,,,,,,,,,
util_WALK_WTR_In_vehicle_time,WALK_WTR - In-vehicle time,@(odt_skims['WK_WTR_WK_TOTIVT'] + dot_skims['WK_WTR_WK_TOTIVT']),,,,,,,,,coef_ivt,,,,,,,,,,,,
# util_WALK_WTR_In_vehicle_time_on_WTR,WALK_WTR - In-vehicle time on CR,@(ivt_WTR_multiplier - 1) * (odt_skims['WK_WTR_WK_IVTCR'] + dot_skims['WK_WTR_WK_IVTCR']),,,,,,,,,coef_ivt,,,,,,,,,,,,
# util_WALK_WTR_In_vehicle_time_on_LB,WALK_WTR - In-vehicle time on LB,@(ivt_LB_multiplier - 1) * (odt_skims['WK_WTR_WK_IVTLB'] + dot_skims['WK_WTR_WK_IVTLB']),,,,,,,,,coef_ivt,,,,,,,,,,,,
# util_WALK_WTR_In_vehicle_time_on_XB,WALK_WTR - In-vehicle time on XB,@(ivt_XB_multiplier - 1) * (odt_skims['WK_WTR_WK_IVTXB'] + dot_skims['WK_WTR_WK_IVTXB']),,,,,,,,,coef_ivt,,,,,,,,,,,,
# util_WALK_WTR_In_vehicle_time_on_MR,WALK_WTR - In-vehicle time on MR,@(ivt_MR_multiplier - 1) * (odt_skims['WK_WTR_WK_IVTMR'] + dot_skims['WK_WTR_WK_IVTMR']),,,,,,,,,coef_ivt,,,,,,,,,,,,
# util_WALK_WTR_In_vehicle_time_on_BR,WALK_WTR - In-vehicle time on BR,@(ivt_BR_multiplier - 1) * (odt_skims['WK_WTR_WK_IVTBR'] + dot_skims['WK_WTR_WK_IVTBR']),,,,,,,,,coef_ivt,,,,,,,,,,,,
# util_WALK_WTR_In_vehicle_time_on_LR,WALK_WTR - In-vehicle time on LR,@(ivt_LR_multiplier - 1) * (odt_skims['WK_WTR_WK_IVTLR'] + dot_skims['WK_WTR_WK_IVTLR']),,,,,,,,,coef_ivt,,,,,,,,,,,,
util_WALK_WTR_iwait_time,WALK_WTR - iwait time,@(odt_skims['WK_WTR_WK_IWAIT'] + dot_skims['WK_WTR_WK_IWAIT']),,,,,,,,,coef_iwait,,,,,,,,,,,,
util_WALK_WTR_transfer_wait_time,WALK_WTR - transfer wait time,@(odt_skims['WK_WTR_WK_XWAIT'] + dot_skims['WK_WTR_WK_XWAIT']),,,,,,,,,coef_xwait,,,,,,,,,,,,
util_WALK_WTR_number_of_transfers,WALK_WTR - number of transfers,@((odt_skims['WK_WTR_WK_XFERS']).clip(0) + (dot_skims['WK_WTR_WK_XFERS']).clip(0)),,,,,,,,,coef_xfers_wlktrn,,,,,,,,,,,,
util_WALK_WTR_Walk_time,WALK_WTR - Walk time,@(odt_skims['WK_WTR_WK_WACC_EGR'] + dot_skims['WK_WTR_WK_WACC_EGR']),,,,,,,,,coef_wlk_acc,,,,,,,,,,,,
util_WALK_WTR_Walk_other_time,WALK_WTR - Walk other time,@(odt_skims['WK_WTR_WK_WAUX'] + dot_skims['WK_WTR_WK_WAUX']),,,,,,,,,coef_wlk_aux,,,,,,,,,,,,
util_WALK_WTR_Fare,WALK_WTR - Fare,@(odt_skims['WK_WTR_WK_FARE'] + dot_skims['WK_WTR_WK_FARE']) * 1.22 * (1 - df.trn_fare_subs_pct),,,,,,,,,coef_cost,,,,,,,,,,,,
util_WALK_WTR_Destination_zone_densityIndex,WALK_WTR - Destination zone densityIndex,@df.dest_density_index,,,,,,,,,coef_density_wlktrn,,,,,,,,,,,,
util_WALK_WTR_Topology,WALK_WTR - Topology,@df.dest_topology,,,,,,,,,coef_topology_wlktrn,,,,,,,,,,,,
util_WALK_WTR_Person_is_less_than_10_years_old,WALK_WTR - Person is less than 10 years old,@(df.age <= 10),,,,,,,,,coef_age010_wlktrn,,,,,,,,,,,,
#util_PNR_to_BUS,#PNR to AB,,,,,,,,,,,,,,,,,,,,,,
util_PNR_BUS_Unavailable,PNR_BUS - Unavailable,pnr_ab_available == False,,,,,,,,,,-999,,,,,,,,,,,
util_PNR_BUS_Unavailable_for_persons_less_than_16,PNR_BUS - Unavailable for persons less than 16,age < 16,,,,,,,,,,-999,,,,,,,,,,,
util_PNR_BUS_In_vehicle_time,PNR_BUS - In-vehicle time,@(odt_skims['DR_BUS_WK_TOTIVT'] + dot_skims['WK_BUS_DR_TOTIVT']),,,,,,,,,,coef_ivt,,,,,,,,,,,
util_PNR_BUS_In_vehicle_time_on_LB,PNR_BUS - In-vehicle time on LB,@(ivt_LB_multiplier - 1) * (odt_skims['DR_BUS_WK_IVTLB'] + dot_skims['WK_BUS_DR_IVTLB']),,,,,,,,,,coef_ivt,,,,,,,,,,,
util_PNR_BUS_In_vehicle_time_on_XB,PNR_BUS - In-vehicle time on XB,@(ivt_XB_multiplier - 1) * (odt_skims['DR_BUS_WK_IVTXB'] + dot_skims['WK_BUS_DR_IVTXB']),,,,,,,,,,coef_ivt,,,,,,,,,,,
util_PNR_BUS_iwait_time,PNR_BUS - iwait time,@(odt_skims['DR_BUS_WK_IWAIT'] + dot_skims['WK_BUS_DR_IWAIT']),,,,,,,,,,coef_iwait,,,,,,,,,,,
util_PNR_BUS_transfer_wait_time,PNR_BUS - transfer wait time,@(odt_skims['DR_BUS_WK_XWAIT'] + dot_skims['WK_BUS_DR_XWAIT']),,,,,,,,,,coef_xwait,,,,,,,,,,,
util_PNR_BUS_number_of_transfers,PNR_BUS - number of transfers,@((odt_skims['DR_BUS_WK_XFERS']).clip(0) + (dot_skims['WK_BUS_DR_XFERS']).clip(0)),,,,,,,,,,coef_xfers_pnr,,,,,,,,,,,
util_PNR_BUS_PNR_time,PNR_BUS - PNR time,@(odt_skims['DR_BUS_WK_DTIME'] + dot_skims['WK_BUS_DR_DTIME']),,,,,,,,,,coef_drvacc_pnr,,,,,,,,,,,
util_PNR_BUS_Walk_time,PNR_BUS - Walk time,@(odt_skims['DR_BUS_WK_WACC_EGR'] + dot_skims['WK_BUS_DR_WACC_EGR']),,,,,,,,,,coef_wlk_acc,,,,,,,,,,,
util_PNR_BUS_Walk_other_time,PNR_BUS - Walk other time,@(odt_skims['DR_BUS_WK_WAUX'] + dot_skims['WK_BUS_DR_WAUX']),,,,,,,,,,coef_wlk_aux,,,,,,,,,,,
util_PNR_BUS_Fare_and_operating_cost,PNR_BUS - Fare and operating cost,@((odt_skims['DR_BUS_WK_FARE'] + dot_skims['WK_BUS_DR_FARE'])  * 1.22 * (1 - df.trn_fare_subs_pct) + ((odt_skims['DR_BUS_WK_OPCOST']+dot_skims['WK_BUS_DR_OPCOST']))),,,,,,,,,,coef_cost,,,,,,,,,,,
#util_PNR_BUS_Fare_and_operating_cost,PNR_BUS - Fare and operating cost,@((odt_skims['DR_BUS_WK_FARE'] + dot_skims['WK_BUS_DR_FARE'])  * 1.22 * (1 - df.trn_fare_subs_pct) + ((odt_skims['DR_BUS_WK_DDIST']+dot_skims['WK_BUS_DR_DDIST']) * costPerMile)),,,,,,,,,,coef_cost,,,,,,,,,,,
util_PNR_BUS_Ratio_of_PNR_access_distance_to_OD_distance,PNR_BUS - Ratio of PNR access distance to OD distance,@((odt_skims['DR_BUS_WK_DDIST']+ dot_skims['WK_BUS_DR_DDIST'])/ (od_skims['DIST']*2)),,,,,,,,,,coef_drvratio_pnr,,,,,,,,,,,
util_PNR_BUS_Destination_zone_densityIndex,PNR_BUS - Destination zone densityIndex,@df.dest_density_index,,,,,,,,,,coef_density_pnr,,,,,,,,,,,
util_PNR_BUS_Topology,PNR_BUS - Topology,@df.dest_topology,,,,,,,,,,coef_topology_pnr,,,,,,,,,,,
#util_PNR_to_TRM,#PNR to BM,,,,,,,,,,,,,,,,,,,,,,
util_PNR_TRM_Unavailable,PNR_TRM - Unavailable,pnr_bm_available == False,,,,,,,,,,,-999,,,,,,,,,,
util_PNR_TRM_Unavailable_for_persons_less_than_16,PNR_TRM - Unavailable for persons less than 16,age < 16,,,,,,,,,,,-999,,,,,,,,,,
util_PNR_TRM_In_vehicle_time,PNR_TRM - In-vehicle time,@(odt_skims['DR_TRM_WK_TOTIVT'] + dot_skims['WK_TRM_DR_TOTIVT']),,,,,,,,,,,coef_ivt,,,,,,,,,,
# util_PNR_TRM_In_vehicle_time_on_LB,PNR_TRM - In-vehicle time on LB,@(ivt_LB_multiplier - 1) * (odt_skims['DR_TRM_WK_IVTLB'] + dot_skims['WK_TRM_DR_IVTLB']),,,,,,,,,,,coef_ivt,,,,,,,,,,
# util_PNR_TRM_In_vehicle_time_on_XB,PNR_TRM - In-vehicle time on XB,@(ivt_XB_multiplier - 1) * (odt_skims['DR_TRM_WK_IVTXB'] + dot_skims['WK_TRM_DR_IVTXB']),,,,,,,,,,,coef_ivt,,,,,,,,,,
# util_PNR_TRM_In_vehicle_time_on_MR,PNR_TRM - In-vehicle time on MR,@(ivt_MR_multiplier - 1) * (odt_skims['DR_TRM_WK_IVTMR'] + dot_skims['WK_TRM_DR_IVTMR']),,,,,,,,,,,coef_ivt,,,,,,,,,,
# util_PNR_TRM_In_vehicle_time_on_LR,PNR_TRM - In-vehicle time on LR,@(ivt_LR_multiplier - 1) * (odt_skims['DR_TRM_WK_IVTLR'] + dot_skims['WK_TRM_DR_IVTLR']),,,,,,,,,,,coef_ivt,,,,,,,,,,
util_PNR_TRM_iwait_time,PNR_TRM - iwait time,@(odt_skims['DR_TRM_WK_IWAIT'] + dot_skims['WK_TRM_DR_IWAIT']),,,,,,,,,,,coef_iwait,,,,,,,,,,
util_PNR_TRM_transfer_wait_time,PNR_TRM - transfer wait time,@(odt_skims['DR_TRM_WK_XWAIT'] + dot_skims['WK_TRM_DR_XWAIT']),,,,,,,,,,,coef_xwait,,,,,,,,,,
util_PNR_TRM_number_of_transfers,PNR_TRM - number of transfers,@((odt_skims['DR_TRM_WK_XFERS']).clip(0) + (dot_skims['WK_TRM_DR_XFERS']).clip(0)),,,,,,,,,,,coef_xfers_pnr,,,,,,,,,,
util_PNR_TRM_PNR_time,PNR_TRM - PNR time,@(odt_skims['DR_TRM_WK_DTIME'] + dot_skims['WK_TRM_DR_DTIME']),,,,,,,,,,,coef_drvacc_pnr,,,,,,,,,,
util_PNR_TRM_Walk_time,PNR_TRM - Walk time,@(odt_skims['DR_TRM_WK_WACC_EGR'] + dot_skims['WK_TRM_DR_WACC_EGR']),,,,,,,,,,,coef_wlk_acc,,,,,,,,,,
util_PNR_TRM_Walk_other_time,PNR_TRM - Walk other time,@(odt_skims['DR_TRM_WK_WAUX'] + dot_skims['WK_TRM_DR_WAUX']),,,,,,,,,,,coef_wlk_aux,,,,,,,,,,
util_PNR_TRM_Fare_and_operating_cost,PNR_TRM - Fare and operating cost,@((odt_skims['DR_TRM_WK_FARE'] + dot_skims['WK_TRM_DR_FARE'])  * 1.22 * (1 - df.trn_fare_subs_pct) + ((odt_skims['DR_TRM_WK_DDIST']+dot_skims['WK_TRM_DR_DDIST']) * costPerMile)),,,,,,,,,,,coef_cost,,,,,,,,,,
util_PNR_TRM_Ratio_of_PNR_access_distance_to_OD_distance,PNR_TRM - Ratio of PNR access distance to OD distance,@((odt_skims['DR_TRM_WK_DDIST']+ dot_skims['WK_TRM_DR_DDIST'])/ (od_skims['DIST']*2)),,,,,,,,,,,coef_drvratio_pnr,,,,,,,,,,
util_PNR_TRM_Destination_zone_densityIndex,PNR_TRM - Destination zone densityIndex,@df.dest_density_index,,,,,,,,,,,coef_density_pnr,,,,,,,,,,
util_PNR_TRM_Topology,PNR_TRM - Topology,@df.dest_topology,,,,,,,,,,,coef_topology_pnr,,,,,,,,,,
#util_PNR_to_MR,#PNR to MR,,,,,,,,,,,,,,,,,,,,,,
util_PNR_MR_Unavailable,PNR_MR - Unavailable,pnr_mr_available == False,,,,,,,,,,,,-999,,,,,,,,,
util_PNR_MR_Unavailable_for_persons_less_than_16,PNR_MR - Unavailable for persons less than 16,age < 16,,,,,,,,,,,,-999,,,,,,,,,
util_PNR_MR_In_vehicle_time,PNR_MR - In-vehicle time,@(odt_skims['DR_MR_WK_TOTIVT'] + dot_skims['WK_MR_DR_TOTIVT']),,,,,,,,,,,,coef_ivt,,,,,,,,,
util_PNR_MR_In_vehicle_time_on_MR,PNR_MR - In-vehicle time on MR,@(ivt_MR_multiplier - 1) * (odt_skims['DR_MR_WK_IVTMR'] + dot_skims['WK_MR_DR_IVTMR']),,,,,,,,,,,,coef_ivt,,,,,,,,,
util_PNR_MR_In_vehicle_time_on_LR,PNR_MR - In-vehicle time on LR,@(ivt_LR_multiplier - 1) * (odt_skims['DR_MR_WK_IVTLR'] + dot_skims['WK_MR_DR_IVTLR']),,,,,,,,,,,,coef_ivt,,,,,,,,,
util_PNR_MR_iwait_time,PNR_MR - iwait time,@(odt_skims['DR_MR_WK_IWAIT'] + dot_skims['WK_MR_DR_IWAIT']),,,,,,,,,,,,coef_iwait,,,,,,,,,
util_PNR_MR_transfer_wait_time,PNR_MR - transfer wait time,@(odt_skims['DR_MR_WK_XWAIT'] + dot_skims['WK_MR_DR_XWAIT']),,,,,,,,,,,,coef_xwait,,,,,,,,,
util_PNR_MR_number_of_transfers,PNR_MR - number of transfers,@((odt_skims['DR_MR_WK_XFERS']).clip(0) + (dot_skims['WK_MR_DR_XFERS']).clip(0)),,,,,,,,,,,,coef_xfers_pnr,,,,,,,,,
util_PNR_MR_PNR_time,PNR_MR - PNR time,@(odt_skims['DR_MR_WK_DTIME'] + dot_skims['WK_MR_DR_DTIME']),,,,,,,,,,,,coef_drvacc_pnr,,,,,,,,,
util_PNR_MR_Walk_time,PNR_MR - Walk time,@(odt_skims['DR_MR_WK_WACC_EGR'] + dot_skims['WK_MR_DR_WACC_EGR']),,,,,,,,,,,,coef_wlk_acc,,,,,,,,,
util_PNR_MR_Walk_other_time,PNR_MR - Walk other time,@(odt_skims['DR_MR_WK_WAUX'] + dot_skims['WK_MR_DR_WAUX']),,,,,,,,,,,,coef_wlk_aux,,,,,,,,,
util_PNR_MR_Fare_and_operating_cost,PNR_MR - Fare and operating cost,@((odt_skims['DR_MR_WK_FARE'] + dot_skims['WK_MR_DR_FARE'])  * 1.22  * (1 - df.trn_fare_subs_pct)+ ((odt_skims['DR_MR_WK_DDIST']+dot_skims['WK_MR_DR_DDIST']) * costPerMile)),,,,,,,,,,,,coef_cost,,,,,,,,,
util_PNR_MR_Ratio_of_PNR_access_distance_to_OD_distance,PNR_MR - Ratio of PNR access distance to OD distance,@((odt_skims['DR_MR_WK_DDIST']+ dot_skims['WK_MR_DR_DDIST'])/ (od_skims['DIST']*2)),,,,,,,,,,,,coef_drvratio_pnr,,,,,,,,,
util_PNR_MR_Destination_zone_densityIndex,PNR_MR - Destination zone densityIndex,@df.dest_density_index,,,,,,,,,,,,coef_density_pnr,,,,,,,,,
util_PNR_MR_Topology,PNR_MR - Topology,@df.dest_topology,,,,,,,,,,,,coef_topology_pnr,,,,,,,,,
#util_PNR_to_WTR,#PNR to CR,,,,,,,,,,,,,,,,,,,,,,
util_PNR_WTR_Unavailable,PNR_WTR - Unavailable,pnr_cr_available == False,,,,,,,,,,,,,-999,,,,,,,,
util_PNR_WTR_Unavailable_for_persons_less_than_16,PNR_WTR - Unavailable for persons less than 16,age < 16,,,,,,,,,,,,,-999,,,,,,,,
util_PNR_WTR_In_vehicle_time,PNR_WTR - In-vehicle time,@(odt_skims['DR_WTR_WK_TOTIVT'] + dot_skims['WK_WTR_DR_TOTIVT']),,,,,,,,,,,,,coef_ivt,,,,,,,,
util_PNR_WTR_In_vehicle_time_on_WTR,PNR_WTR - In-vehicle time on CR,@(ivt_WTR_multiplier - 1) * (odt_skims['DR_WTR_WK_IVTCR'] + dot_skims['WK_WTR_DR_IVTCR']),,,,,,,,,,,,,coef_ivt,,,,,,,,
util_PNR_WTR_In_vehicle_time_on_LB,PNR_WTR - In-vehicle time on LB,@(ivt_LB_multiplier - 1) * (odt_skims['DR_WTR_WK_IVTLB'] + dot_skims['WK_WTR_DR_IVTLB']),,,,,,,,,,,,,coef_ivt,,,,,,,,
util_PNR_WTR_In_vehicle_time_on_XB,PNR_WTR - In-vehicle time on XB,@(ivt_XB_multiplier - 1) * (odt_skims['DR_WTR_WK_IVTXB'] + dot_skims['WK_WTR_DR_IVTXB']),,,,,,,,,,,,,coef_ivt,,,,,,,,
util_PNR_WTR_In_vehicle_time_on_MR,PNR_WTR - In-vehicle time on MR,@(ivt_MR_multiplier - 1) * (odt_skims['DR_WTR_WK_IVTMR'] + dot_skims['WK_WTR_DR_IVTMR']),,,,,,,,,,,,,coef_ivt,,,,,,,,
util_PNR_WTR_In_vehicle_time_on_BR,PNR_WTR - In-vehicle time on BR,@(ivt_BR_multiplier - 1) * (odt_skims['DR_WTR_WK_IVTBR'] + dot_skims['WK_WTR_DR_IVTBR']),,,,,,,,,,,,,coef_ivt,,,,,,,,
util_PNR_WTR_In_vehicle_time_on_LR,PNR_WTR - In-vehicle time on LR,@(ivt_LR_multiplier - 1) * (odt_skims['DR_WTR_WK_IVTLR'] + dot_skims['WK_WTR_DR_IVTLR']),,,,,,,,,,,,,coef_ivt,,,,,,,,
util_PNR_WTR_iwait_time,PNR_WTR - iwait time,@(odt_skims['DR_WTR_WK_IWAIT'] + dot_skims['WK_WTR_DR_IWAIT']),,,,,,,,,,,,,coef_iwait,,,,,,,,
util_PNR_WTR_transfer_wait_time,PNR_WTR - transfer wait time,@(odt_skims['DR_WTR_WK_XWAIT'] + dot_skims['WK_WTR_DR_XWAIT']),,,,,,,,,,,,,coef_xwait,,,,,,,,
util_PNR_WTR_number_of_transfers,PNR_WTR - number of transfers,@((odt_skims['DR_WTR_WK_XFERS']).clip(0) + (dot_skims['WK_WTR_DR_XFERS']).clip(0)),,,,,,,,,,,,,coef_xfers_pnr,,,,,,,,
util_PNR_WTR_PNR_time,PNR_WTR - PNR time,@(odt_skims['DR_WTR_WK_DTIME'] + dot_skims['WK_WTR_DR_DTIME']),,,,,,,,,,,,,coef_drvacc_pnr,,,,,,,,
util_PNR_WTR_Walk_time,PNR_WTR - Walk time,@(odt_skims['DR_WTR_WK_WACC_EGR'] + dot_skims['WK_WTR_DR_WACC_EGR']),,,,,,,,,,,,,coef_wlk_acc,,,,,,,,
util_PNR_WTR_Walk_other_time,PNR_WTR - Walk other time,@(odt_skims['DR_WTR_WK_WAUX'] + dot_skims['WK_WTR_DR_WAUX']),,,,,,,,,,,,,coef_wlk_aux,,,,,,,,
util_PNR_WTR_Fare_and_operating_cost,PNR_WTR - Fare and operating cost,@((odt_skims['DR_WTR_WK_FARE'] + dot_skims['WK_WTR_DR_FARE'])  * 1.22 * (1 - df.trn_fare_subs_pct) + ((odt_skims['DR_WTR_WK_DDIST']+dot_skims['WK_WTR_DR_DDIST']) * costPerMile)),,,,,,,,,,,,,coef_cost,,,,,,,,
util_PNR_WTR_Ratio_of_PNR_access_distance_to_OD_distance,PNR_WTR - Ratio of PNR access distance to OD distance,@((odt_skims['DR_WTR_WK_DDIST']+ dot_skims['WK_WTR_DR_DDIST'])/ (od_skims['DIST']*2)),,,,,,,,,,,,,coef_drvratio_pnr,,,,,,,,
util_PNR_WTR_Destination_zone_densityIndex,PNR_WTR - Destination zone densityIndex,@df.dest_density_index,,,,,,,,,,,,,coef_density_pnr,,,,,,,,
util_PNR_WTR_Topology,PNR_WTR - Topology,@df.dest_topology,,,,,,,,,,,,,coef_topology_pnr,,,,,,,,
#util_KNR_to_BUS,#KNR to AB,,,,,,,,,,,,,,,,,,,,,,
util_KNR_BUS_Unavailable,KNR_BUS - Unavailable,knr_ab_available == False,,,,,,,,,,,,,,-999,,,,,,,
util_KNR_BUS_Unavailable_for_persons_less_than_16,KNR_BUS - Unavailable for persons less than 16,age < 16,,,,,,,,,,,,,,-999,,,,,,,
util_KNR_BUS_In_vehicle_time,KNR_BUS - In-vehicle time,@(odt_skims['KR_BUS_WK_TOTIVT'] + dot_skims['WK_BUS_KR_TOTIVT']),,,,,,,,,,,,,,coef_ivt,,,,,,,
util_KNR_BUS_In_vehicle_time_on_LB,KNR_BUS - In-vehicle time on LB,@(ivt_LB_multiplier - 1) * (odt_skims['KR_BUS_WK_IVTLB'] + dot_skims['WK_BUS_KR_IVTLB']),,,,,,,,,,,,,,coef_ivt,,,,,,,
util_KNR_BUS_In_vehicle_time_on_XB,KNR_BUS - In-vehicle time on XB,@(ivt_XB_multiplier - 1) * (odt_skims['KR_BUS_WK_IVTXB'] + dot_skims['WK_BUS_KR_IVTXB']),,,,,,,,,,,,,,coef_ivt,,,,,,,
util_KNR_BUS_iwait_time,KNR_BUS - iwait time,@(odt_skims['KR_BUS_WK_IWAIT'] + dot_skims['WK_BUS_KR_IWAIT']),,,,,,,,,,,,,,coef_iwait,,,,,,,
util_KNR_BUS_transfer_wait_time,KNR_BUS - transfer wait time,@(odt_skims['KR_BUS_WK_XWAIT'] + dot_skims['WK_BUS_KR_XWAIT']),,,,,,,,,,,,,,coef_xwait,,,,,,,
util_KNR_BUS_number_of_transfers,KNR_BUS - number of transfers,@((odt_skims['KR_BUS_WK_XFERS']).clip(0) + (dot_skims['WK_BUS_KR_XFERS']).clip(0)),,,,,,,,,,,,,,coef_xfers_knr,,,,,,,
util_KNR_BUS_KNR_time,KNR_BUS - KNR time,@(odt_skims['KR_BUS_WK_DTIME'] + dot_skims['WK_BUS_KR_DTIME']),,,,,,,,,,,,,,coef_drvacc_knr,,,,,,,
util_KNR_BUS_Walk_time,KNR_BUS - Walk time,@(odt_skims['KR_BUS_WK_WACC_EGR'] + dot_skims['WK_BUS_KR_WACC_EGR']),,,,,,,,,,,,,,coef_wlk_acc,,,,,,,
util_KNR_BUS_Walk_other_time,KNR_BUS - Walk other time,@(odt_skims['KR_BUS_WK_WAUX'] + dot_skims['WK_BUS_KR_WAUX']),,,,,,,,,,,,,,coef_wlk_aux,,,,,,,
util_KNR_BUS_Fare_and_operating_cost,KNR_BUS - Fare and operating cost,@((odt_skims['KR_BUS_WK_FARE'] + dot_skims['WK_BUS_KR_FARE'])  * 1.22  * (1 - df.trn_fare_subs_pct)+ ((odt_skims['KR_BUS_WK_DDIST']+dot_skims['WK_BUS_KR_DDIST']) * costPerMile)),,,,,,,,,,,,,,coef_cost,,,,,,,
util_KNR_BUS_Ratio_of_KNR_access_distance_to_OD_distance,KNR_BUS - Ratio of KNR access distance to OD distance,@((odt_skims['KR_BUS_WK_DDIST']+ dot_skims['WK_BUS_KR_DDIST'])/ (od_skims['DIST']*2)),,,,,,,,,,,,,,coef_drvratio_knr,,,,,,,
util_KNR_BUS_Destination_zone_densityIndex,KNR_BUS - Destination zone densityIndex,@df.dest_density_index,,,,,,,,,,,,,,coef_density_knr,,,,,,,
util_KNR_BUS_Topology,KNR_BUS - Topology,@df.dest_topology,,,,,,,,,,,,,,coef_topology_knr,,,,,,,
#util_KNR_to_TRM,#KNR to BM,,,,,,,,,,,,,,,,,,,,,,
util_KNR_TRM_Unavailable,KNR_TRM - Unavailable,knr_bm_available == False,,,,,,,,,,,,,,,-999,,,,,,
util_KNR_TRM_Unavailable_for_persons_less_than_16,KNR_TRM - Unavailable for persons less than 16,age < 16,,,,,,,,,,,,,,,-999,,,,,,
util_KNR_TRM_In_vehicle_time,KNR_TRM - In-vehicle time,@(odt_skims['KR_TRM_WK_TOTIVT'] + dot_skims['WK_TRM_KR_TOTIVT']),,,,,,,,,,,,,,,coef_ivt,,,,,,
util_KNR_TRM_In_vehicle_time_on_LB,KNR_TRM - In-vehicle time on LB,@(ivt_LB_multiplier - 1) * (odt_skims['KR_TRM_WK_IVTLB'] + dot_skims['WK_TRM_KR_IVTLB']),,,,,,,,,,,,,,,coef_ivt,,,,,,
util_KNR_TRM_In_vehicle_time_on_XB,KNR_TRM - In-vehicle time on XB,@(ivt_XB_multiplier - 1) * (odt_skims['KR_TRM_WK_IVTXB'] + dot_skims['WK_TRM_KR_IVTXB']),,,,,,,,,,,,,,,coef_ivt,,,,,,
util_KNR_TRM_In_vehicle_time_on_MR,KNR_TRM - In-vehicle time on MR,@(ivt_MR_multiplier - 1) * (odt_skims['KR_TRM_WK_IVTMR'] + dot_skims['WK_TRM_KR_IVTMR']),,,,,,,,,,,,,,,coef_ivt,,,,,,
util_KNR_TRM_In_vehicle_time_on_LR,KNR_TRM - In-vehicle time on LR,@(ivt_LR_multiplier - 1) * (odt_skims['KR_TRM_WK_IVTLR'] + dot_skims['WK_TRM_KR_IVTLR']),,,,,,,,,,,,,,,coef_ivt,,,,,,
util_KNR_TRM_iwait_time,KNR_TRM - iwait time,@(odt_skims['KR_TRM_WK_IWAIT'] + dot_skims['WK_TRM_KR_IWAIT']),,,,,,,,,,,,,,,coef_iwait,,,,,,
util_KNR_TRM_transfer_wait_time,KNR_TRM - transfer wait time,@(odt_skims['KR_TRM_WK_XWAIT'] + dot_skims['WK_TRM_KR_XWAIT']),,,,,,,,,,,,,,,coef_xwait,,,,,,
util_KNR_TRM_number_of_transfers,KNR_TRM - number of transfers,@((odt_skims['KR_TRM_WK_XFERS']).clip(0) + (dot_skims['WK_TRM_KR_XFERS']).clip(0)),,,,,,,,,,,,,,,coef_xfers_knr,,,,,,
util_KNR_TRM_KNR_time,KNR_TRM - KNR time,@(odt_skims['KR_TRM_WK_DTIME'] + dot_skims['WK_TRM_KR_DTIME']),,,,,,,,,,,,,,,coef_drvacc_knr,,,,,,
util_KNR_TRM_Walk_time,KNR_TRM - Walk time,@(odt_skims['KR_TRM_WK_WACC_EGR'] + dot_skims['WK_TRM_KR_WACC_EGR']),,,,,,,,,,,,,,,coef_wlk_acc,,,,,,
util_KNR_TRM_Walk_other_time,KNR_TRM - Walk other time,@(odt_skims['KR_TRM_WK_WAUX'] + dot_skims['WK_TRM_KR_WAUX']),,,,,,,,,,,,,,,coef_wlk_aux,,,,,,
util_KNR_TRM_Fare_and_operating_cost,KNR_TRM - Fare and operating cost,@((odt_skims['KR_TRM_WK_FARE'] + dot_skims['WK_TRM_KR_FARE'])  * 1.22 * (1 - df.trn_fare_subs_pct) + ((odt_skims['KR_TRM_WK_DDIST']+dot_skims['WK_TRM_KR_DDIST']) * costPerMile)),,,,,,,,,,,,,,,coef_cost,,,,,,
util_KNR_TRM_Ratio_of_KNR_access_distance_to_OD_distance,KNR_TRM - Ratio of KNR access distance to OD distance,@((odt_skims['KR_TRM_WK_DDIST']+ dot_skims['WK_TRM_KR_DDIST'])/ (od_skims['DIST']*2)),,,,,,,,,,,,,,,coef_drvratio_knr,,,,,,
util_KNR_TRM_Destination_zone_densityIndex,KNR_TRM - Destination zone densityIndex,@df.dest_density_index,,,,,,,,,,,,,,,coef_density_knr,,,,,,
util_KNR_TRM_Topology,KNR_TRM - Topology,@df.dest_topology,,,,,,,,,,,,,,,coef_topology_knr,,,,,,
#util_KNR_to_MR,#KNR to MR,,,,,,,,,,,,,,,,,,,,,,
util_KNR_MR_Unavailable,KNR_MR - Unavailable,knr_mr_available == False,,,,,,,,,,,,,,,,-999,,,,,
util_KNR_MR_Unavailable_for_persons_less_than_16,KNR_MR - Unavailable for persons less than 16,age < 16,,,,,,,,,,,,,,,,-999,,,,,
util_KNR_MR_In_vehicle_time,KNR_MR - In-vehicle time,@(odt_skims['KR_MR_WK_TOTIVT'] + dot_skims['WK_MR_KR_TOTIVT']),,,,,,,,,,,,,,,,coef_ivt,,,,,
util_KNR_MR_In_vehicle_time_on_MR,KNR_MR - In-vehicle time on MR,@(ivt_MR_multiplier - 1) * (odt_skims['KR_MR_WK_IVTMR'] + dot_skims['WK_MR_KR_IVTMR']),,,,,,,,,,,,,,,,coef_ivt,,,,,
util_KNR_MR_In_vehicle_time_on_LR,KNR_MR - In-vehicle time on LR,@(ivt_LR_multiplier - 1) * (odt_skims['KR_MR_WK_IVTLR'] + dot_skims['WK_MR_KR_IVTLR']),,,,,,,,,,,,,,,,coef_ivt,,,,,
util_KNR_MR_iwait_time,KNR_MR - iwait time,@(odt_skims['KR_MR_WK_IWAIT'] + dot_skims['WK_MR_KR_IWAIT']),,,,,,,,,,,,,,,,coef_iwait,,,,,
util_KNR_MR_transfer_wait_time,KNR_MR - transfer wait time,@(odt_skims['KR_MR_WK_XWAIT'] + dot_skims['WK_MR_KR_XWAIT']),,,,,,,,,,,,,,,,coef_xwait,,,,,
util_KNR_MR_number_of_transfers,KNR_MR - number of transfers,@((odt_skims['KR_MR_WK_XFERS']).clip(0) + (dot_skims['WK_MR_KR_XFERS']).clip(0)),,,,,,,,,,,,,,,,coef_xfers_knr,,,,,
util_KNR_MR_KNR_time,KNR_MR - KNR time,@dtim_multiplier * (odt_skims['KR_MR_WK_DTIME'] + dot_skims['WK_MR_KR_DTIME']),,,,,,,,,,,,,,,,coef_drvacc_knr,,,,,
util_KNR_MR_Walk_time,KNR_MR - Walk time,@(odt_skims['KR_MR_WK_WACC_EGR'] + dot_skims['WK_MR_KR_WACC_EGR']),,,,,,,,,,,,,,,,coef_wlk_acc,,,,,
util_KNR_MR_Walk_other_time,KNR_MR - Walk other time,@(odt_skims['KR_MR_WK_WAUX'] + dot_skims['WK_MR_KR_WAUX']),,,,,,,,,,,,,,,,coef_wlk_aux,,,,,
util_KNR_MR_Fare_and_operating_cost,KNR_MR - Fare and operating cost,@((odt_skims['KR_MR_WK_FARE'] + dot_skims['WK_MR_KR_FARE']) * 1.22 * (1 - df.trn_fare_subs_pct) + ((odt_skims['KR_MR_WK_DDIST']+dot_skims['WK_MR_KR_DDIST']) * costPerMile)),,,,,,,,,,,,,,,,coef_cost,,,,,
util_KNR_MR_Ratio_of_KNR_access_distance_to_OD_distance,KNR_MR - Ratio of KNR access distance to OD distance,@((odt_skims['KR_MR_WK_DDIST']+ dot_skims['WK_MR_KR_DDIST'])/ (od_skims['DIST']*2)),,,,,,,,,,,,,,,,coef_drvratio_knr,,,,,
util_KNR_MR_Destination_zone_densityIndex,KNR_MR - Destination zone densityIndex,@df.dest_density_index,,,,,,,,,,,,,,,,coef_density_knr,,,,,
util_KNR_MR_Topology,KNR_MR - Topology,@df.dest_topology,,,,,,,,,,,,,,,,coef_topology_knr,,,,,
#util_KNR_to_WTR,#KNR to CR,#DR AND KR SKIMS ARE THE SAME FOR CR,,,,,,,,,,,,,,,,,,,,,
util_KNR_WTR_Unavailable,KNR_WTR - Unavailable,knr_cr_available == False,,,,,,,,,,,,,,,,,-999,,,,
util_KNR_WTR_Unavailable_for_persons_less_than_16,KNR_WTR - Unavailable for persons less than 16,age < 16,,,,,,,,,,,,,,,,,-999,,,,
util_KNR_WTR_In_vehicle_time,KNR_WTR - In-vehicle time,@(odt_skims['KR_WTR_WK_TOTIVT'] + dot_skims['WK_WTR_KR_TOTIVT']),,,,,,,,,,,,,,,,,coef_ivt,,,,
util_KNR_WTR_In_vehicle_time_on_WTR,KNR_WTR - In-vehicle time on CR,@(ivt_WTR_multiplier - 1) * (odt_skims['KR_WTR_WK_IVTCR'] + dot_skims['WK_WTR_KR_IVTCR']),,,,,,,,,,,,,,,,,coef_ivt,,,,
util_KNR_WTR_In_vehicle_time_on_LB,KNR_WTR - In-vehicle time on LB,@(ivt_LB_multiplier - 1) * (odt_skims['KR_WTR_WK_IVTLB'] + dot_skims['WK_WTR_KR_IVTLB']),,,,,,,,,,,,,,,,,coef_ivt,,,,
util_KNR_WTR_In_vehicle_time_on_XB,KNR_WTR - In-vehicle time on XB,@(ivt_XB_multiplier - 1) * (odt_skims['KR_WTR_WK_IVTXB'] + dot_skims['WK_WTR_KR_IVTXB']),,,,,,,,,,,,,,,,,coef_ivt,,,,
util_KNR_WTR_In_vehicle_time_on_MR,KNR_WTR - In-vehicle time on MR,@(ivt_MR_multiplier - 1) * (odt_skims['KR_WTR_WK_IVTMR'] + dot_skims['WK_WTR_KR_IVTMR']),,,,,,,,,,,,,,,,,coef_ivt,,,,
util_KNR_WTR_In_vehicle_time_on_BR,KNR_WTR - In-vehicle time on BR,@(ivt_BR_multiplier - 1) * (odt_skims['KR_WTR_WK_IVTBR'] + dot_skims['WK_WTR_KR_IVTBR']),,,,,,,,,,,,,,,,,coef_ivt,,,,
util_KNR_WTR_In_vehicle_time_on_LR,KNR_WTR - In-vehicle time on LR,@(ivt_LR_multiplier - 1) * (odt_skims['KR_WTR_WK_IVTLR'] + dot_skims['WK_WTR_KR_IVTLR']),,,,,,,,,,,,,,,,,coef_ivt,,,,
util_KNR_WTR_iwait_time,KNR_WTR - iwait time,@(odt_skims['KR_WTR_WK_IWAIT'] + dot_skims['WK_WTR_KR_IWAIT']),,,,,,,,,,,,,,,,,coef_iwait,,,,
util_KNR_WTR_transfer_wait_time,KNR_WTR - transfer wait time,@(odt_skims['KR_WTR_WK_XWAIT'] + dot_skims['WK_WTR_KR_XWAIT']),,,,,,,,,,,,,,,,,coef_xwait,,,,
util_KNR_WTR_number_of_transfers,KNR_WTR - number of transfers,@((odt_skims['KR_WTR_WK_XFERS']).clip(0) + (dot_skims['WK_WTR_KR_XFERS']).clip(0)),,,,,,,,,,,,,,,,,coef_xfers_knr,,,,
util_KNR_WTR_KNR_time,KNR_WTR - KNR time,@(odt_skims['KR_WTR_WK_DTIME'] + dot_skims['WK_WTR_KR_DTIME']),,,,,,,,,,,,,,,,,coef_drvacc_knr,,,,
util_KNR_WTR_Walk_time,KNR_WTR - Walk time,@(odt_skims['KR_WTR_WK_WACC_EGR'] + dot_skims['WK_WTR_KR_WACC_EGR']),,,,,,,,,,,,,,,,,coef_wlk_acc,,,,
util_KNR_WTR_Walk_other_time,KNR_WTR - Walk other time,@(odt_skims['KR_WTR_WK_WAUX'] + dot_skims['WK_WTR_KR_WAUX']),,,,,,,,,,,,,,,,,coef_wlk_aux,,,,
util_KNR_WTR_Fare_and_operating_cost,KNR_WTR - Fare and operating cost,@((odt_skims['KR_WTR_WK_FARE'] + dot_skims['WK_WTR_KR_FARE'])  * 1.22 * (1 - df.trn_fare_subs_pct) + ((odt_skims['KR_WTR_WK_DDIST']+dot_skims['WK_WTR_KR_DDIST']) * costPerMile)),,,,,,,,,,,,,,,,,coef_cost,,,,
util_KNR_WTR_Ratio_of_KNR_access_distance_to_OD_distance,KNR_WTR - Ratio of KNR access distance to OD distance,@((odt_skims['KR_WTR_WK_DDIST']+ dot_skims['WK_WTR_KR_DDIST'])/ (od_skims['DIST']*2)),,,,,,,,,,,,,,,,,coef_drvratio_knr,,,,
util_KNR_WTR_Destination_zone_densityIndex,KNR_WTR - Destination zone densityIndex,@df.dest_density_index,,,,,,,,,,,,,,,,,coef_density_knr,,,,
util_KNR_WTR_Topology,KNR_WTR - Topology,@df.dest_topology,,,,,,,,,,,,,,,,,coef_topology_knr,,,,
#School_Bus,#School Bus,,,,,,,,,,,,,,,,,,,,,,
School_Bus_Unavailable_if_NOT_school_tour,School Bus - Unavailable if NOT school tour,~is_school,,,,,,,,,,,,,,,,,,-999,,,
School_Bus_In_vehicle_time_(HOV3+_skims)_20_mph,School Bus - In-vehicle time (HOV3+ skims) - 20 mph,@(odt_skims['HOV3_DIST'] + dot_skims['HOV3_DIST'])*3,,,,,,,,,,,,,,,,,,coef_ivt,,,
School_Bus_WALK_Time,School Bus - Walk Time,10,,,,,,,,,,,,,,,,,,coef_wlk_acc,,,
School_Bus_Wait_Time,School Bus - Wait Time,10,,,,,,,,,,,,,,,,,,coef_iwait,,,
#,Taxi,,,,,,,,,,,,,,,,,,,,,,
util_Taxi_In_vehicle_time,Taxi - In-vehicle time,@(odt_skims['HOV2_TIME'] + dot_skims['HOV2_TIME']),,,,,,,,,,,,,,,,,,,coef_ivt,,
util_Taxi_Wait_time,Taxi - Wait time,@df.totalWaitTaxi,,,,,,,,,,,,,,,,,,,coef_iwait,,
util_Taxi_Total_toll,Taxi - Total toll,@(odt_skims['HOV2_TOLL'] + dot_skims['HOV2_TOLL']) * 1.22,,,,,,,,,,,,,,,,,,,coef_cost,,
util_Taxi_Fare,Taxi - Fare,@(Taxi_baseFare * 2 + (odt_skims['HOV2_DIST'] + dot_skims['HOV2_DIST']) * Taxi_costPerMile +(odt_skims['HOV2_TIME'] + dot_skims['HOV2_TIME']) * Taxi_costPerMinute)*100,,,,,,,,,,,,,,,,,,,coef_cost,,
#,TNC Single,,,,,,,,,,,,,,,,,,,,,,
util_TNC_Single_In_vehicle_time,TNC Single - In-vehicle time,@(odt_skims['HOV2_TIME'] + dot_skims['HOV2_TIME']),,,,,,,,,,,,,,,,,,,,coef_ivt,
util_TNC_Single_Wait_time,TNC Single - Wait time,@df.totalWaitSingleTNC,,,,,,,,,,,,,,,,,,,,coef_iwait,
util_TNC_Single_Total_toll,TNC Single - Total toll,@(odt_skims['HOV2_TOLL'] + dot_skims['HOV2_TOLL']) * 1.22,,,,,,,,,,,,,,,,,,,,coef_cost,
util_TNC_Single_Cost,TNC Single - Cost,"@np.maximum(TNC_single_baseFare * 2 + (odt_skims['HOV2_DIST'] + dot_skims['HOV2_DIST']) * TNC_single_costPerMile + (odt_skims['HOV2_TIME'] + dot_skims['HOV2_TIME']) * TNC_single_costPerMinute, TNC_single_costMinimum) * 100",,,,,,,,,,,,,,,,,,,,coef_cost,
#,TNC Shared,,,,,,,,,,,,,,,,,,,,,,
util_TNC_Shared_In_vehicle_time,TNC Shared - In-vehicle time,@(odt_skims['HOV2_TIME'] + dot_skims['HOV2_TIME']) * TNC_shared_IVTFactor,,,,,,,,,,,,,,,,,,,,,coef_ivt
util_TNC_Shared_Wait_time,TNC Shared - Wait time,@df.totalWaitSharedTNC,,,,,,,,,,,,,,,,,,,,,coef_iwait
util_TNC_Shared_Total_toll,TNC Shared - Total toll,@(odt_skims['HOV2_TOLL'] + dot_skims['HOV2_TOLL']) * 1.22,,,,,,,,,,,,,,,,,,,,,coef_cost
util_TNC_Shared_Cost,TNC Shared - Cost,"@np.maximum(TNC_shared_baseFare * 2 + (odt_skims['HOV2_DIST'] + dot_skims['HOV2_DIST']) * TNC_shared_costPerMile + (odt_skims['HOV2_TIME'] + dot_skims['HOV3_TIME']) * TNC_shared_costPerMinute, TNC_shared_costMinimum) * 100",,,,,,,,,,,,,,,,,,,,,coef_cost
#indiv_tour_ASCs,#indiv tour ASCs,,,,,,,,,,,,,,,,,,,,,,
util_WALK_ASC_Zero_auto,Walk ASC - Zero auto,@(df.is_indiv & (df.auto_ownership == 0)),,,,walk_ASC_no_auto,,,,,,,,,,,,,,,,,
util_WALK_ASC_Auto_deficient,Walk ASC - Auto deficient,@(df.is_indiv & (df.auto_ownership < df.num_workers) & (df.auto_ownership > 0)),,,,walk_ASC_auto_deficient,,,,,,,,,,,,,,,,,
util_WALK_ASC_Auto_sufficient,Walk ASC - Auto Sufficient,@(df.is_indiv & (df.auto_ownership >= df.num_workers) & (df.auto_ownership > 0)),,,,walk_ASC_auto_sufficient,,,,,,,,,,,,,,,,,
util_BIKE_ASC_Zero_auto,Bike ASC - Zero auto,@(df.is_indiv & (df.auto_ownership == 0)),,,,,bike_ASC_no_auto,,,,,,,,,,,,,,,,
util_BIKE_ASC_Auto_deficient,Bike ASC - Auto deficient,@(df.is_indiv & (df.auto_ownership < df.num_workers) & (df.auto_ownership > 0)),,,,,bike_ASC_auto_deficient,,,,,,,,,,,,,,,,
util_BIKE_ASC_Auto_sufficient,Bike ASC - Auto Sufficient,@(df.is_indiv & (df.auto_ownership >= df.num_workers) & (df.auto_ownership > 0)),,,,,bike_ASC_auto_sufficient,,,,,,,,,,,,,,,,
util_Shared_ride_2_ASC_Zero_auto,Shared ride 2 ASC - Zero auto,@(df.is_indiv & (df.auto_ownership == 0)),,sr2_ASC_no_auto,,,,,,,,,,,,,,,,,,,
util_Shared_ride_2_ASC_Auto_deficient,Shared ride 2 ASC - Auto deficient,@(df.is_indiv & (df.auto_ownership < df.num_workers) & (df.auto_ownership > 0)),,sr2_ASC_auto_deficient,,,,,,,,,,,,,,,,,,,
util_Shared_ride_2_ASC_Auto_sufficient,Shared ride 2 ASC - Auto Sufficient,@(df.is_indiv & (df.auto_ownership >= df.num_workers) & (df.auto_ownership > 0)),,sr2_ASC_auto_sufficient,,,,,,,,,,,,,,,,,,,
util_Shared_ride_3+_Zero_auto,Shared ride 3+ - Zero auto,@(df.is_indiv & (df.auto_ownership == 0)),,,sr3p_ASC_no_auto,,,,,,,,,,,,,,,,,,
util_Shared_ride_3+_Auto_deficient,Shared ride 3+ - Auto deficient,@(df.is_indiv & (df.auto_ownership < df.num_workers) & (df.auto_ownership > 0)),,,sr3p_ASC_auto_deficient,,,,,,,,,,,,,,,,,,
util_Shared_ride_3+_Auto_sufficient,Shared ride 3+ - Auto Sufficient,@(df.is_indiv & (df.auto_ownership >= df.num_workers) & (df.auto_ownership > 0)),,,sr3p_ASC_auto_sufficient,,,,,,,,,,,,,,,,,,
util_WALK_to_Transit_Zero_auto,Walk to Transit - Zero auto,@(df.is_indiv & (df.auto_ownership == 0)),,,,,,walk_transit_ASC_no_auto,walk_transit_ASC_no_auto,walk_transit_ASC_no_auto,walk_transit_ASC_no_auto,,,,,,,,,,,,
util_WALK_to_Transit_Auto_deficient,Walk to Transit - Auto deficient,@(df.is_indiv & (df.auto_ownership < df.num_workers) & (df.auto_ownership > 0)),,,,,,walk_transit_ASC_auto_deficient,walk_transit_ASC_auto_deficient,walk_transit_ASC_auto_deficient,walk_transit_ASC_auto_deficient,,,,,,,,,,,,
util_WALK_to_Transit_Auto_sufficient,Walk to Transit - Auto Sufficient,@(df.is_indiv & (df.auto_ownership >= df.num_workers) & (df.auto_ownership > 0)),,,,,,walk_transit_ASC_auto_sufficient,walk_transit_ASC_auto_sufficient,walk_transit_ASC_auto_sufficient,walk_transit_ASC_auto_sufficient,,,,,,,,,,,,
util_PNR_to_Transit_Zero_auto,PNR to Transit - Zero auto,@(df.is_indiv & (df.auto_ownership == 0)),,,,,,,,,,pnr_transit_ASC_no_auto,pnr_transit_ASC_no_auto,pnr_transit_ASC_no_auto,pnr_transit_ASC_no_auto,,,,,,,,
util_PNR_to_Transit_Auto_deficient,PNR to Transit - Auto deficient,@(df.is_indiv & (df.auto_ownership < df.num_workers) & (df.auto_ownership > 0)),,,,,,,,,,pnr_transit_ASC_auto_deficient,pnr_transit_ASC_auto_deficient,pnr_transit_ASC_auto_deficient,pnr_transit_ASC_auto_deficient,,,,,,,,
util_PNR_to_Transit_Auto_sufficient,PNR to Transit - Auto Sufficient,@(df.is_indiv & (df.auto_ownership >= df.num_workers) & (df.auto_ownership > 0)),,,,,,,,,,pnr_transit_ASC_auto_sufficient,pnr_transit_ASC_auto_sufficient,pnr_transit_ASC_auto_sufficient,pnr_transit_ASC_auto_sufficient,,,,,,,,
util_KNR_to_Transit_Zero_auto,KNR to Transit - Zero auto,@(df.is_indiv & (df.auto_ownership == 0)),,,,,,,,,,,,,,knr_transit_ASC_no_auto,knr_transit_ASC_no_auto,knr_transit_ASC_no_auto,knr_transit_ASC_no_auto,,,,
util_KNR_to_Transit_Auto_deficient,KNR to Transit - Auto deficient,@(df.is_indiv & (df.auto_ownership < df.num_workers) & (df.auto_ownership > 0)),,,,,,,,,,,,,,knr_transit_ASC_auto_deficient,knr_transit_ASC_auto_deficient,knr_transit_ASC_auto_deficient,knr_transit_ASC_auto_deficient,,,,
util_KNR_to_Transit_Auto_sufficient,KNR to Transit - Auto Sufficient,@(df.is_indiv & (df.auto_ownership >= df.num_workers) & (df.auto_ownership > 0)),,,,,,,,,,,,,,knr_transit_ASC_auto_sufficient,knr_transit_ASC_auto_sufficient,knr_transit_ASC_auto_sufficient,knr_transit_ASC_auto_sufficient,,,,
util_Taxi_Zero_auto,Taxi - Zero auto,@(df.is_indiv & (df.auto_ownership == 0)),,,,,,,,,,,,,,,,,,,taxi_ASC_no_auto,,
util_Taxi_Auto_deficient,Taxi - Auto deficient,@(df.is_indiv & (df.auto_ownership < df.num_workers) & (df.auto_ownership > 0)),,,,,,,,,,,,,,,,,,,taxi_ASC_auto_deficient,,
util_Taxi_Auto_sufficient,Taxi - Auto sufficient,@(df.is_indiv & (df.auto_ownership >= df.num_workers) & (df.auto_ownership > 0)),,,,,,,,,,,,,,,,,,,taxi_ASC_auto_sufficient,,
util_TNC_Single_Zero_auto,TNC Single - Zero auto,@(df.is_indiv & (df.auto_ownership == 0)),,,,,,,,,,,,,,,,,,,,tnc_single_ASC_no_auto,
util_TNC_Single_Auto_deficient,TNC Single - Auto deficient,@(df.is_indiv & (df.auto_ownership < df.num_workers) & (df.auto_ownership > 0)),,,,,,,,,,,,,,,,,,,,tnc_single_ASC_auto_deficient,
util_TNC_Single_Auto_sufficient,TNC Single - Auto sufficient,@(df.is_indiv & (df.auto_ownership >= df.num_workers) & (df.auto_ownership > 0)),,,,,,,,,,,,,,,,,,,,tnc_single_ASC_auto_sufficient,
util_TNC_Shared_Zero_auto,TNC Shared - Zero auto,@(df.is_indiv & (df.auto_ownership == 0)),,,,,,,,,,,,,,,,,,,,,tnc_shared_ASC_no_auto
util_TNC_Shared_Auto_deficient,TNC Shared - Auto deficient,@(df.is_indiv & (df.auto_ownership < df.num_workers) & (df.auto_ownership > 0)),,,,,,,,,,,,,,,,,,,,,tnc_shared_ASC_auto_deficient
util_TNC_Shared_Auto_sufficient,TNC Shared - Auto sufficient,@(df.is_indiv & (df.auto_ownership >= df.num_workers) & (df.auto_ownership > 0)),,,,,,,,,,,,,,,,,,,,,tnc_shared_ASC_auto_sufficient
#util_Joint_tour_ASCs,#joint tour ASCs,,,,,,,,,,,,,,,,,,,,,,
util_Joint_WALK_ASC_Zero_auto,Joint - Walk ASC - Zero auto,@(df.is_joint & (df.auto_ownership == 0)),,,,joint_walk_ASC_no_auto,,,,,,,,,,,,,,,,,
util_Joint_WALK_ASC_Auto_deficient,Joint - Walk ASC - Auto deficient,@(df.is_joint & (df.auto_ownership < df.num_workers) & (df.auto_ownership > 0)),,,,joint_walk_ASC_auto_deficient,,,,,,,,,,,,,,,,,
util_Joint_WALK_ASC_Auto_sufficient,Joint - Walk ASC - Auto Sufficient,@(df.is_joint & (df.auto_ownership >= df.num_workers) & (df.auto_ownership > 0)),,,,joint_walk_ASC_auto_sufficient,,,,,,,,,,,,,,,,,
util_Joint_BIKE_ASC_Zero_auto,Joint - Bike ASC - Zero auto,@(df.is_joint & (df.auto_ownership == 0)),,,,,joint_bike_ASC_no_auto,,,,,,,,,,,,,,,,
util_Joint_BIKE_ASC_Auto_deficient,Joint - Bike ASC - Auto deficient,@(df.is_joint & (df.auto_ownership < df.num_workers) & (df.auto_ownership > 0)),,,,,joint_bike_ASC_auto_deficient,,,,,,,,,,,,,,,,
util_Joint_BIKE_ASC_Auto_sufficient,Joint - Bike ASC - Auto Sufficient,@(df.is_joint & (df.auto_ownership >= df.num_workers) & (df.auto_ownership > 0)),,,,,joint_bike_ASC_auto_sufficient,,,,,,,,,,,,,,,,
util_Joint_Shared_ride_2_ASC_Zero_auto,Joint - Shared ride 2 ASC - Zero auto,@(df.is_joint & (df.auto_ownership == 0)),,joint_sr2_ASC_no_auto,,,,,,,,,,,,,,,,,,,
util_Joint_Shared_ride_2_ASC_Auto_deficient,Joint - Shared ride 2 ASC - Auto deficient,@(df.is_joint & (df.auto_ownership < df.num_workers) & (df.auto_ownership > 0)),,joint_sr2_ASC_auto_deficient,,,,,,,,,,,,,,,,,,,
util_Joint_Shared_ride_2_ASC_Auto_sufficient,Joint - Shared ride 2 ASC - Auto Sufficient,@(df.is_joint & (df.auto_ownership >= df.num_workers) & (df.auto_ownership > 0)),,joint_sr2_ASC_auto_sufficient,,,,,,,,,,,,,,,,,,,
util_Joint_Shared_ride_3+_Zero_auto,Joint - Shared ride 3+ - Zero auto,@(df.is_joint & (df.auto_ownership == 0)),,,joint_sr3p_ASC_no_auto,,,,,,,,,,,,,,,,,,
util_Joint_Shared_ride_3+_Auto_deficient,Joint - Shared ride 3+ - Auto deficient,@(df.is_joint & (df.auto_ownership < df.num_workers) & (df.auto_ownership > 0)),,,joint_sr3p_ASC_auto_deficient,,,,,,,,,,,,,,,,,,
util_Joint_Shared_ride_3+_Auto_sufficient,Joint - Shared ride 3+ - Auto Sufficient,@(df.is_joint & (df.auto_ownership >= df.num_workers) & (df.auto_ownership > 0)),,,joint_sr3p_ASC_auto_sufficient,,,,,,,,,,,,,,,,,,
util_Joint_WALK_to_Transit_Zero_auto,Joint - Walk to Transit - Zero auto,@(df.is_joint & (df.auto_ownership == 0)),,,,,,joint_walk_transit_ASC_no_auto,joint_walk_transit_ASC_no_auto,joint_walk_transit_ASC_no_auto,joint_walk_transit_ASC_no_auto,,,,,,,,,,,,
util_Joint_WALK_to_Transit_Auto_deficient,Joint - Walk to Transit - Auto deficient,@(df.is_joint & (df.auto_ownership < df.num_workers) & (df.auto_ownership > 0)),,,,,,joint_walk_transit_ASC_auto_deficient,joint_walk_transit_ASC_auto_deficient,joint_walk_transit_ASC_auto_deficient,joint_walk_transit_ASC_auto_deficient,,,,,,,,,,,,
util_Joint_WALK_to_Transit_Auto_sufficient,Joint - Walk to Transit - Auto Sufficient,@(df.is_joint & (df.auto_ownership >= df.num_workers) & (df.auto_ownership > 0)),,,,,,joint_walk_transit_ASC_auto_sufficient,joint_walk_transit_ASC_auto_sufficient,joint_walk_transit_ASC_auto_sufficient,joint_walk_transit_ASC_auto_sufficient,,,,,,,,,,,,
util_Joint_PNR_to_Transit_Zero_auto,Joint - PNR to Transit - Zero auto,@(df.is_joint & (df.auto_ownership == 0)),,,,,,,,,,joint_pnr_transit_ASC_no_auto,joint_pnr_transit_ASC_no_auto,joint_pnr_transit_ASC_no_auto,joint_pnr_transit_ASC_no_auto,,,,,,,,
util_Joint_PNR_to_Transit_Auto_deficient,Joint - PNR to Transit - Auto deficient,@(df.is_joint & (df.auto_ownership < df.num_workers) & (df.auto_ownership > 0)),,,,,,,,,,joint_pnr_transit_ASC_auto_deficient,joint_pnr_transit_ASC_auto_deficient,joint_pnr_transit_ASC_auto_deficient,joint_pnr_transit_ASC_auto_deficient,,,,,,,,
util_Joint_PNR_to_Transit_Auto_sufficient,Joint - PNR to Transit - Auto Sufficient,@(df.is_joint & (df.auto_ownership >= df.num_workers) & (df.auto_ownership > 0)),,,,,,,,,,joint_pnr_transit_ASC_auto_sufficient,joint_pnr_transit_ASC_auto_sufficient,joint_pnr_transit_ASC_auto_sufficient,joint_pnr_transit_ASC_auto_sufficient,,,,,,,,
util_Joint_KNR_to_Transit_Zero_auto,Joint - KNR to Transit - Zero auto,@(df.is_joint & (df.auto_ownership == 0)),,,,,,,,,,,,,,joint_knr_transit_ASC_no_auto,joint_knr_transit_ASC_no_auto,joint_knr_transit_ASC_no_auto,joint_knr_transit_ASC_no_auto,,,,
util_Joint_KNR_to_Transit_Auto_deficient,Joint - KNR to Transit - Auto deficient,@(df.is_joint & (df.auto_ownership < df.num_workers) & (df.auto_ownership > 0)),,,,,,,,,,,,,,joint_knr_transit_ASC_auto_deficient,joint_knr_transit_ASC_auto_deficient,joint_knr_transit_ASC_auto_deficient,joint_knr_transit_ASC_auto_deficient,,,,
util_Joint_KNR_to_Transit_Auto_sufficient,Joint - KNR to Transit - Auto Sufficient,@(df.is_joint & (df.auto_ownership >= df.num_workers) & (df.auto_ownership > 0)),,,,,,,,,,,,,,joint_knr_transit_ASC_auto_sufficient,joint_knr_transit_ASC_auto_sufficient,joint_knr_transit_ASC_auto_sufficient,joint_knr_transit_ASC_auto_sufficient,,,,
util_Joint_Taxi_Zero_auto,Joint - Taxi - Zero auto,@(df.is_joint & (df.auto_ownership == 0)),,,,,,,,,,,,,,,,,,,joint_taxi_ASC_no_auto,,
util_Joint_Taxi_Auto_deficient,Joint - Taxi - Auto deficient,@(df.is_joint & (df.auto_ownership < df.num_workers) & (df.auto_ownership > 0)),,,,,,,,,,,,,,,,,,,joint_taxi_ASC_auto_deficient,,
util_Joint_Taxi_Auto_sufficient,Joint - Taxi - Auto sufficient,@(df.is_joint & (df.auto_ownership >= df.num_workers) & (df.auto_ownership > 0)),,,,,,,,,,,,,,,,,,,joint_taxi_ASC_auto_sufficient,,
util_Joint_TNC_Single_Zero_auto,Joint - TNC Single - Zero auto,@(df.is_joint & (df.auto_ownership == 0)),,,,,,,,,,,,,,,,,,,,joint_tnc_single_ASC_no_auto,
util_Joint_TNC_Single_Auto_deficient,Joint - TNC Single - Auto deficient,@(df.is_joint & (df.auto_ownership < df.num_workers) & (df.auto_ownership > 0)),,,,,,,,,,,,,,,,,,,,joint_tnc_single_ASC_auto_deficient,
util_Joint_TNC_Single_Auto_sufficient,Joint - TNC Single - Auto sufficient,@(df.is_joint & (df.auto_ownership >= df.num_workers) & (df.auto_ownership > 0)),,,,,,,,,,,,,,,,,,,,joint_tnc_single_ASC_auto_sufficient,
util_Joint_TNC_Shared_Zero_auto,Joint - TNC Shared - Zero auto,@(df.is_joint & (df.auto_ownership == 0)),,,,,,,,,,,,,,,,,,,,,joint_tnc_shared_ASC_no_auto
util_Joint_TNC_Shared_Auto_deficient,Joint - TNC Shared - Auto deficient,@(df.is_joint & (df.auto_ownership < df.num_workers) & (df.auto_ownership > 0)),,,,,,,,,,,,,,,,,,,,,joint_tnc_shared_ASC_auto_deficient
util_Joint_TNC_Shared_Auto_sufficient,Joint - TNC Shared - Auto sufficient,@(df.is_joint & (df.auto_ownership >= df.num_workers) & (df.auto_ownership > 0)),,,,,,,,,,,,,,,,,,,,,joint_tnc_shared_ASC_auto_sufficient
util_WALK_to_Transit_dest_CBD,Walk to Transit dest CBD,@df.destination_in_cbd,,,,,,walk_transit_CBD_ASC,walk_transit_CBD_ASC,walk_transit_CBD_ASC,walk_transit_CBD_ASC,,,,,,,,,,,,
Drive_to_Transit_dest_CBD,Drive to Transit dest CBD,@df.destination_in_cbd,,,,,,,,,,drive_transit_CBD_ASC,drive_transit_CBD_ASC,drive_transit_CBD_ASC,drive_transit_CBD_ASC,drive_transit_CBD_ASC,drive_transit_CBD_ASC,drive_transit_CBD_ASC,drive_transit_CBD_ASC,,,,
Drive_to_Transit_distance_penalty,Drive to Transit - distance penalty,@drvtrn_distpen_0_multiplier * (1-od_skims['DIST']/drvtrn_distpen_max).clip(lower=0),,,,,,,,,,coef_distpen_drvtrn,coef_distpen_drvtrn,coef_distpen_drvtrn,coef_distpen_drvtrn,coef_distpen_drvtrn,coef_distpen_drvtrn,coef_distpen_drvtrn,coef_distpen_drvtrn,,,,
util_schoolbus_ASC_no_auto,School Bus No Auto ASC,@(df.auto_ownership == 0),,,,,,,,,,,,,,,,,,schoolbus_ASC_no_auto,,,
util_schoolbus_ASC_auto_deficient,School Bus Auto Deficient ASC,@((df.auto_ownership < df.num_workers) & (df.auto_ownership > 0)),,,,,,,,,,,,,,,,,,schoolbus_ASC_auto_deficient,,,
util_schoolbus_ASC_auto_sufficient,School Bus Auto Sufficient ASC,@((df.auto_ownership >= df.num_workers) & (df.auto_ownership > 0)),,,,,,,,,,,,,,,,,,schoolbus_ASC_auto_sufficient,,,
util_transit_type_ASC,Transit technology ASC,1,,,,,,,walk_TRM_ASC,walk_MR_ASC,walk_WTR_ASC,,PNR_TRM_ASC,PNR_MR_ASC,PNR_WTR_ASC,,KNR_TRM_ASC,KNR_MR_ASC,KNR_WTR_ASC,,,,
